{
  "miou": 0.8617044977816358,
  "macc": 0.9223160675427832,
  "pacc": 0.9689021226269716,
  "iou_per_class": [
    0.964961956292505,
    0.9453619820076207,
    0.7208129631163397,
    0.9360661768475567,
    0.8199859505364697,
    0.8628705532533811,
    0.9583792488321922,
    0.9221597784037854,
    0.9547841798371894,
    0.49314335511557117,
    0.9352173464345331,
    0.742060330658204,
    0.9422309277731149,
    0.9250469046373028,
    0.926743783495957,
    0.9315630919985919,
    0.7394300772428006,
    0.9166039679708283,
    0.6958211110311978,
    0.9347683067479129,
    0.8277824611812983
  ],
  "acc_per_class": [
    0.9817013967097461,
    0.9796896095214377,
    0.9102794083723649,
    0.9618294992204831,
    0.8737903745176134,
    0.9478572257899264,
    0.9905697728590339,
    0.9419175860824703,
    0.9838461173106431,
    0.6497225145303588,
    0.9742499222628428,
    0.7942340257414351,
    0.9761340184984125,
    0.9507213584372989,
    0.9803259156969576,
    0.9697316465837693,
    0.8539036553835503,
    0.957632943992217,
    0.8135757529694644,
    0.976038977992859,
    0.9008856959255621
  ]
}