{
  "miou": 0.866827363379778,
  "macc": 0.9254541500311889,
  "pacc": 0.9700821657699142,
  "iou_per_class": [
    0.9669854971508464,
    0.9461525160772001,
    0.7503427996465142,
    0.94475633016278,
    0.8212679577584512,
    0.8703286739664524,
    0.9599996981389242,
    0.9268241809796487,
    0.9638428893440313,
    0.4880423522686011,
    0.9357915599658956,
    0.7484953715402686,
    0.9423436330345762,
    0.9270086341530519,
    0.9378303789670317,
    0.9362366819104605,
    0.7558468034234831,
    0.9253248742387178,
    0.6799353792136471,
    0.9401201504728571,
    0.8358982685618986
  ],
  "acc_per_class": [
    0.9827245547403686,
    0.9802354908617443,
    0.8953812582474973,
    0.9705417918429156,
    0.8787877900801092,
    0.9522843170476841,
    0.9869065312577375,
    0.9487758746746505,
    0.9824571342035132,
    0.7171349528776414,
    0.9844496258316895,
    0.8182153084592402,
    0.9730834844182832,
    0.9512282814024453,
    0.979980688015408,
    0.9726229862163258,
    0.8778578776038911,
    0.9586900522026146,
    0.7672437001001406,
    0.9711190627784101,
    0.8848163877926559
  ]
}