{
  "miou": 0.8643598354054551,
  "macc": 0.923892426621947,
  "pacc": 0.9700011262137442,
  "iou_per_class": [
    0.9674399862584928,
    0.9531565814230596,
    0.7696738673136215,
    0.9435645639502593,
    0.840388372805803,
    0.8455559198267042,
    0.9725925036877582,
    0.9271889438571843,
    0.9620734401023254,
    0.49129339861248095,
    0.9213761312373275,
    0.7294251050568354,
    0.9457604097413074,
    0.9130984971365332,
    0.9252337135795913,
    0.9399494629008228,
    0.7478353852259618,
    0.9347610615462176,
    0.6601859478647287,
    0.9421382296939581,
    0.8188650216935878
  ],
  "acc_per_class": [
    0.9830489561706613,
    0.983855675418245,
    0.9095594314116277,
    0.9648262770804055,
    0.9024195018810356,
    0.9471263199659895,
    0.990956885938262,
    0.9459738252030885,
    0.9857672201817405,
    0.695121684518189,
    0.9628990221303219,
    0.8022733166118465,
    0.9720812204834849,
    0.9599854690386731,
    0.9798534988695741,
    0.9756689783677448,
    0.8552563688298324,
    0.9688607327619013,
    0.7501492327845192,
    0.9757170528432475,
    0.8903402885704972
  ]
}